name,category,city,state
Construtora Duarte,pedreiro,Criciúma,SC
RF Terraplenagem Locações,pedreiro,Criciúma,SC
Armak Terraplanagem,pedreiro,Criciúma,SC
Pizzoni Entulhos Terraplanagem,pedreiro,Criciúma,SC
Pedreiro Criciúma,pedreiro,Criciúma,SC
Geterra Terraplanagem,pedreiro,Criciúma,SC
Agropecuária Agrobam e BAM Terraplanagem,pedreiro,Criciúma,SC
TCL Transportes e Terraplanagem,pedreiro,Criciúma,SC
Zaluz Engenharia e Terraplanagem,pedreiro,Criciúma,SC
Yann Terraplanagem,pedreiro,Criciúma,SC
Barchinski Terraplanagem,pedreiro,Criciúma,SC
Construart Ryoky Jardineiro Criciúma,pedreiro,Criciúma,SC
Ceará Pedreiro,pedreiro,Criciúma,SC
Ricardo Pedreiro,pedreiro,Criciúma,SC
Serrano Pedreiro,pedreiro,Criciúma,SC
Chico Pedreiro,pedreiro,Criciúma,SC
Marcos Pedreiro,pedreiro,Criciúma,SC
Teixeira Pedreiro,pedreiro,Criciúma,SC
Helton Pedreiro,pedreiro,Criciúma,SC
Jucemar Construtor,pedreiro,Criciúma,SC
Cristiano Pedreiro,pedreiro,Criciúma,SC
Paulino Pedreiro,pedreiro,Criciúma,SC
Davi Milanez,pedreiro,Criciúma,SC
Lacerda Construções,pedreiro,Criciúma,SC
Gean Martins,pedreiro,Criciúma,SC
Eduardo Villa,pedreiro,Criciúma,SC
GR Construções,pedreiro,Criciúma,SC
Carlos Vitória Hass,pedreiro,Criciúma,SC
NEN Retroterra Terraplanagem Tubarão,pedreiro,Tubarão,SC
Solidez Construtora Tubarão,pedreiro,Tubarão,SC
Impacto Perfurações em Concreto Empreiteiro Tubarão,pedreiro,Tubarão,SC
WL Terraplanagem e Escavação Tubarão,pedreiro,Tubarão,SC
Bressan Terraplanagem Tubarão,pedreiro,Tubarão,SC
Cub2 Acabamentos Empreiteiro Tubarão,pedreiro,Tubarão,SC
Castello Casas de Madeira Empreiteiro Tubarão,pedreiro,Tubarão,SC
de Pieri Terraplanagem Tubarão,pedreiro,Tubarão,SC
Carioca Constrói Empreiteiro Tubarão,pedreiro,Tubarão,SC
Santa Mônica Terraplanagem Ltda Tubarão,pedreiro,Tubarão,SC
Sittuar Empreendimentos Empreiteiro Tubarão,pedreiro,Tubarão,SC
Orserv Serviços Empreiteiro Tubarão,pedreiro,Tubarão,SC
Construtora e Imobiliária Casa Nova Tubarão,pedreiro,Tubarão,SC
Sul Escavações Terraplanagem Tubarão,pedreiro,Tubarão,SC
São João Terraplanagem Tubarão,pedreiro,Tubarão,SC
Litoral Sul Forros Empreiteiro Tubarão,pedreiro,Tubarão,SC
Reformas em Geral Empreiteiro Tubarão,pedreiro,Tubarão,SC
Fiuza Empreiteiro Tubarão,pedreiro,Tubarão,SC
Abitare Papel de Parede Piso Vinílico Piso Laminado Painéis Ripados Roda,azulejista,Criciúma,SC
Wesley Azulejista,azulejista,Criciúma,SC
Felipe Machado,azulejista,Criciúma,SC
MM Gesso Criciúma,gesseiro,Criciúma,SC
Morada Gesso Criciúma,gesseiro,Criciúma,SC
Maxi Gesso Criciúma,gesseiro,Criciúma,SC
Ilumigesso Gesso em Criciúma e Divisórias de Eucatex,gesseiro,Criciúma,SC
Rodinei Gesso,gesseiro,Criciúma,SC
André Aguiar Gesso,gesseiro,Criciúma,SC
Márcio Drywall,gesseiro,Criciúma,SC
Estruturaço Drywall,gesseiro,Criciúma,SC
Tubarão Gesso,gesseiro,Tubarão,SC
Mundo Drywall Tubarão,gesseiro,Tubarão,SC
Gesso Riquerme Tubarão,gesseiro,Tubarão,SC
Domingos Ferreira Cancelier,gesseiro,Içara,SC
Império das Calhas,telhadista,Criciúma,SC
NOÉ Construções e Reformas Telhadista Criciúma,telhadista,Criciúma,SC
Calhas Kauê,telhadista,Criciúma,SC
TOP Reformas SC Telhadista Criciúma,telhadista,Criciúma,SC
Rei das Calhas,telhadista,Criciúma,SC
Góis Calhas,telhadista,Criciúma,SC
RC Calhas,telhadista,Criciúma,SC
Box e Calhas Catarinense,telhadista,Criciúma,SC
Montreal Telhas e Construções Telhas em Içara e Telhadista Criciúma,telhadista,Criciúma,SC
Icara Calhas,telhadista,Criciúma,SC
Armações Santos Madeira Tratada em Içara Calhas Telhado Forro Travessa Es,telhadista,Criciúma,SC
Real Calhas,telhadista,Criciúma,SC
Tecnocor Empreiteiro Criciúma,telhadista,Criciúma,SC
Calhas Monique,telhadista,Criciúma,SC
Jair Calhas,telhadista,Criciúma,SC
Fábio Calhas,telhadista,Criciúma,SC
Sérgio Calhas,telhadista,Criciúma,SC
Jair Henrique Calhas,telhadista,Criciúma,SC
Tiago Calhas,telhadista,Criciúma,SC
Jair Calhas Tubarão,telhadista,Tubarão,SC
SM Telhas Distribuidor Exclusivo Direto de Fábrica Telhadista Tubarão,telhadista,Tubarão,SC
Calhas Metal Forte Tubarão,telhadista,Tubarão,SC
Helio Calhas Tubarão,telhadista,Tubarão,SC
Calhas DGA Tubarão,telhadista,Tubarão,SC
Calhas Baggio Tubarão,telhadista,Tubarão,SC
Grupo Figueiredo Telhadista Tubarão,telhadista,Tubarão,SC
Casagres Telhas e Construções Telhadista Tubarão,telhadista,Tubarão,SC
MAM Calhas Tubarão,telhadista,Tubarão,SC
Cláudio Eletricista,eletricista,Criciúma,SC
Seletronic Serviços Elétricos Eletrônicos,eletricista,Criciúma,SC
Eletricista Eder Santos,eletricista,Criciúma,SC
Macrovolt Montagem e Manutenção Elétrica,eletricista,Criciúma,SC
SMC Tecnologia e Serviços,eletricista,Criciúma,SC
Marcio Miranda Eletricista,eletricista,Criciúma,SC
NDF Eletricista,eletricista,Criciúma,SC
Editech,eletricista,Criciúma,SC
Hugo Encanador HL 33 Soluções Hidráulicas,encanador,Criciúma,SC
Carlos Encanador,encanador,Criciúma,SC
Amauri Encanador,encanador,Criciúma,SC
Antonio Encanador,encanador,Criciúma,SC
VC Encanadores,encanador,Criciúma,SC
Encanador Fabio,encanador,Criciúma,SC
Oliveira Pinturas,pintor,Criciúma,SC
Doutor Pintor,pintor,Criciúma,SC
Justino Pinturas,pintor,Criciúma,SC
S2 Pinturas,pintor,Criciúma,SC
MP Moderna Pinturas,pintor,Criciúma,SC
Chaveiro Cantinho das Chaves,chaveiro,Criciúma,SC
Dedetizadora Santos,dedetizador,Criciúma,SC
Dedetizadora Trombim,dedetizador,Criciúma,SC
Ademir Serviços de Jardinagem Ltda,jardineiro,Criciúma,SC
Ronchi Paisagismo,paisagismo,Criciúma,SC
Daniel Eletricista,eletricista,Tubarão,SC
Wattsul Instalações Elétricas,eletricista,Tubarão,SC
Jr Serviços Elétricos,eletricista,Tubarão,SC
Nikhannor Encanador,encanador,Tubarão,SC
Casa do Encanador,encanador,Tubarão,SC
ACW Reformas e Pinturas,pintor,Tubarão,SC
Chaveiro Art Chaves,chaveiro,Tubarão,SC
Michels Soluções Elétricas,eletricista,Içara,SC
Sabiá Pinturas,pintor,Içara,SC
Polostar Climatização,climatizacao,Içara,SC
Elétrica VG,eletricista,Florianópolis,SC
RF Instalações Elétricas,eletricista,Florianópolis,SC
Marco Antônio Eletricista,eletricista,Florianópolis,SC
Elétrica Residencial,eletricista,Florianópolis,SC
Rodrigues Eletricista Profissional,eletricista,Florianópolis,SC
Ilha Nova Prestador de Serviços,encanador,Florianópolis,SC
Flavio Encanamentos e Manutenção Hidráulica,encanador,Florianópolis,SC
Juliano Pinturas,pintor,Florianópolis,SC
Líder Pinturas em Geral,pintor,Florianópolis,SC
Pinturas Predial e Residencial,pintor,Florianópolis,SC
Nil Pinturas,pintor,Florianópolis,SC
GGT Marido de Aluguel,reparo_geral,Florianópolis,SC
Profix Serviços - Marido de Aluguel e Faz Tudo,reparo_geral,Florianópolis,SC
MB Instalações e Manutenções Elétricas,eletricista,Palhoça,SC
DV Eletricista,eletricista,Palhoça,SC
SOS Soluções Hidráulicas,encanador,Palhoça,SC
Encanador Hidráulico Edson,encanador,Palhoça,SC
Alvaro Pinturas,pintor,Palhoça,SC
Pinturas Oliveira,pintor,Palhoça,SC
Miranda Pinturas em Geral,pintor,Palhoça,SC
Ribeiro Serviços Elétricos,eletricista,São José,SC
Instalações JC,eletricista,São José,SC
Adriano Eletricista,eletricista,São José,SC
Everton Elétrica,eletricista,São José,SC
Encanadores Plantão 24h,encanador,São José,SC
Décio Encanador,encanador,São José,SC
Juliano Encanador 24Horas,encanador,São José,SC
Sózio Pinturas,pintor,São José,SC
Eletro Neto Instalações Elétricas,eletricista,Laguna,SC
Peron Funilaria e Pintura,funilaria,Laguna,SC
Simoni Cabeleleira,cabeleireiro,Criciúma,SC
Joel Cabeleireiros,cabeleireiro,Criciúma,SC
Luiz Cabeleireiros,cabeleireiro,Criciúma,SC
Barbearia Do Neno,barbeiro,Criciúma,SC
Barbearia Kinho,barbeiro,Criciúma,SC
Clínica Veterinária Cães e Cia,veterinario,Criciúma,SC
Centro Veterinário Baschirotto,veterinario,Criciúma,SC
Henrique Locks Advogado,advogado,Criciúma,SC
Advocacia Fabrício Machado,advogado,Criciúma,SC
Mello e Salvaro Advocacia,advogado,Criciúma,SC
Patricia Cechinel Advogada,advogado,Criciúma,SC
AJJ Serviços Elétricos,eletricista,Biguaçu,SC
Marcelo Serviços Elétricos,eletricista,Capivari de Baixo,SC
Sérgio Pinturas,pintor,Garopaba,SC
WM Serviços Elétricos e Automação,eletricista,Biguaçu,SC
Blekaut Eletricista,eletricista,Biguaçu,SC
Anti Choque Eletricista e Instalação Elétrica,eletricista,Biguaçu,SC
JR Eletricista,eletricista,Biguaçu,SC
Eletrowatz Serviços Elétricos,eletricista,Biguaçu,SC
RS Eletricistas,eletricista,Biguaçu,SC
Luiz Ricardo Instalações Elétricas,eletricista,Biguaçu,SC
Marcelo Eletricista,eletricista,Biguaçu,SC
Alex Pinturas,pintor,Biguaçu,SC
Djoni Pinturas,pintor,Biguaçu,SC
Carlinhos Pinturas,pintor,Biguaçu,SC
Pedro Pinturas Imobiliárias e Residenciais,pintor,Biguaçu,SC
Antônio Pedreiro,pedreiro,Forquilhinha,SC
Mecânica Portella,mecanico,Florianópolis,SC
Ricardo Marcenaria,marceneiro,Florianópolis,SC
Vip Motoboys,motoboy,Florianópolis,SC
Alex Motoboy,motoboy,Florianópolis,SC
Guerreiros Motoboy,motoboy,Florianópolis,SC
Corretora de Imóveis Terezinha Jeronimo,corretor_imoveis,Florianópolis,SC
Love For Dog,banho_tosa,Florianópolis,SC
Peketitos Estética Animal,banho_tosa,Florianópolis,SC
Dinho Salão de Beleza,cabeleireiro,Florianópolis,SC
Lilo Cabeleireiro Unissex,cabeleireiro,Florianópolis,SC
Monte Castelo Pet Store e Consultório Veterinário,veterinario,Tubarão,SC
Casa do Marceneiro,marceneiro,Tubarão,SC
JLV Instalação Elétrica,eletricista,Joinville,SC
Ederson Eletricista,eletricista,Joinville,SC
Leonor Cani Eletricista Residencial e Predial,eletricista,Joinville,SC
Celio Américo Eletricista,eletricista,Joinville,SC
Eletricista Müller,eletricista,Joinville,SC
Marcio Mathias Pintor Residencial,pintor,Joinville,SC
Claudecir Pinturas Resid e Com,pintor,Joinville,SC
Lopes Pinturas,pintor,Joinville,SC
Maicon Pinturas,pintor,Joinville,SC
Fabrício Pinturas,pintor,Joinville,SC
Bado Pinturas,pintor,Joinville,SC
Wander Encanador,encanador,Blumenau,SC
Osvaldo Encanador,encanador,Blumenau,SC
Encanador Julio,encanador,Blumenau,SC
Encanador Ednei,encanador,Blumenau,SC
Encanador Beto,encanador,Blumenau,SC
JP Serviços Elétricos,eletricista,Blumenau,SC
Santino Instalações Elétricas,eletricista,Blumenau,SC
Elétrica Light,eletricista,Blumenau,SC
Stein Instalações Elétricas 24h,eletricista,Blumenau,SC
Ismael Eletricista,eletricista,Itajaí,SC
Marcos Eletricista,eletricista,Itajaí,SC
SOS Eletricista Edson Mohr,eletricista,Itajaí,SC
Elétrica Azevedo,eletricista,Itajaí,SC
Felipe Instalação e Manutenção Elétrica,eletricista,Itajaí,SC
Fernando Pinturas,pintor,Itajaí,SC
Cristiano Pinturas,pintor,Itajaí,SC
Alex Pinturas,pintor,Itajaí,SC
Jean Pinturas,pintor,Itajaí,SC
Valmir Pinturas,pintor,Itajaí,SC
Gaúcho Serviços Elétricos,eletricista,Chapecó,SC
Chico Encanador,encanador,Chapecó,SC
Encanatop,encanador,Chapecó,SC
Hubert Eletricista,eletricista,Balneário Camboriú,SC
Gaúcho Eletricista,eletricista,Balneário Camboriú,SC
Tiago Santos Instalações Elétricas,eletricista,Balneário Camboriú,SC
JF Instalações Elétricas,eletricista,Balneário Camboriú,SC
RS Pinturas,pintor,Balneário Camboriú,SC
Pépe Pinturas,pintor,Balneário Camboriú,SC
Fábio Pinturas,pintor,Balneário Camboriú,SC
Norte Sul Pinturas,pintor,Balneário Camboriú,SC
Moreira Pinturas,pintor,Balneário Camboriú,SC
Rio Grande Pinturas,pintor,Balneário Camboriú,SC
Palhano Eletricista,eletricista,Lages,SC
Casa do Encanador,encanador,Lages,SC
Arthur Eletricista,eletricista,Jaraguá do Sul,SC
Elétrica Funke,eletricista,Jaraguá do Sul,SC
Celso Instalações Elétricas e Hidráulicas,eletricista,Jaraguá do Sul,SC
Eletricista Cleiton Claus Stinghen,eletricista,Jaraguá do Sul,SC
Gilmar Lopes Inst Elétrica,eletricista,Jaraguá do Sul,SC
Adriano Instalações Elétricas,eletricista,Jaraguá do Sul,SC
Rogério Pinturas,pintor,Jaraguá do Sul,SC
Souza Pinturas,pintor,Jaraguá do Sul,SC
Osmar Pinturas,pintor,Jaraguá do Sul,SC
Airton Pinturas,pintor,Jaraguá do Sul,SC
Assis Pinturas,pintor,Jaraguá do Sul,SC
Castro Pinturas,pintor,Jaraguá do Sul,SC
Gaúcho Eletricista,eletricista,Brusque,SC
Batista Eletricista,eletricista,Brusque,SC
Eletri-k,eletricista,Brusque,SC
AB Instalações Elétricas,eletricista,Brusque,SC
Fabio Pinturas,pintor,Brusque,SC
Márcio Pinturas,pintor,Brusque,SC
Damásio Pinturas,pintor,Brusque,SC
Barbosa Pinturas,pintor,Brusque,SC
Santos Pinturas,pintor,Brusque,SC
AZ Pinturas,pintor,Brusque,SC
Cristian Encanador,encanador,Joinville,SC
Adailton Encanador,encanador,Joinville,SC
Dionizio Encanador,encanador,Joinville,SC
Maicon Encanador,encanador,Joinville,SC
Hélio Encanador,encanador,Joinville,SC
Sandro Pedreiro,pedreiro,Joinville,SC
Evaldo Correia Lima Serviços Pedreiro Profissional,pedreiro,Joinville,SC
Duarte Construção e Reformas,pedreiro,Joinville,SC
Adriano Eletricista,eletricista,Camboriú,SC
ON Eletricista,eletricista,Camboriú,SC
Instalações Elétricas Dias,eletricista,Camboriú,SC
Elétrica Geluz Instalações e Manutenções Elétricas,eletricista,Camboriú,SC
Edilson Eletricista e Encanador,eletricista,Camboriú,SC
MK Silva Reformas e Reparos,eletricista,Camboriú,SC
Pintor Ricardo F Fernandes,pintor,Camboriú,SC
Almeida Pontes Pintura,pintor,Camboriú,SC
AVS Pinturas,pintor,Camboriú,SC
Kalnaty Pinturas,pintor,Camboriú,SC
ADD Eletromecânica,eletricista,Concórdia,SC
Vazagua Serviços Hidráulicos,encanador,Camboriú,SC
Hidráulica Moura,encanador,Camboriú,SC
Serviços de Encanador Kaká,encanador,Balneário Camboriú,SC
Marcelo Hidráulica,encanador,Balneário Camboriú,SC
Grupo Energix Instalações Elétricas E Energia Solar,eletricista,Araranguá,SC
Rogério Construções e Reformas,pedreiro,Itajaí,SC
Thiago Construções,pedreiro,Itajaí,SC
VL Construção,pedreiro,Itajaí,SC
Alex Construções,pedreiro,Itajaí,SC
Antunes Construções,pedreiro,Itajaí,SC
C.R.J Construções e Reformas,pedreiro,Balneário Camboriú,SC
Machado Pinturas e Reformas,pedreiro,Balneário Camboriú,SC
VJS Reformas em Geral,pedreiro,Balneário Camboriú,SC
LP Reformas em Geral,pedreiro,Balneário Camboriú,SC
Rudi Serviços e Reformas em Geral,pedreiro,Balneário Camboriú,SC
Marques Construção,pedreiro,Blumenau,SC
Heuer Construção,pedreiro,Blumenau,SC
Alex Henschel Serviços de Pedreiro,pedreiro,Blumenau,SC
Serviços de Pedreiro Pedro,pedreiro,Blumenau,SC
JR Serviço de Pedreiro,pedreiro,Blumenau,SC
Antonyaohu Encanador,encanador,Jaraguá do Sul,SC
Rafael Encanador,encanador,Jaraguá do Sul,SC
Encanador Jair Kemetz,encanador,Jaraguá do Sul,SC
BF Gesso,gesseiro,Joinville,SC
W Gesso,gesseiro,Joinville,SC
Efraim Gesso,gesseiro,Joinville,SC
Casarão do Gesso,gesseiro,Joinville,SC
Gesso Amais,gesseiro,Joinville,SC
Bill Jardinagem,jardineiro,Itajaí,SC
Studio Verde,jardineiro,Itajaí,SC
Combat Dedetizações e Limpezas,dedetizador,Blumenau,SC
LD Chaveiro,chaveiro,Balneário Camboriú,SC
Chaveiro Veloso,chaveiro,Balneário Camboriú,SC
